id;guid;image_lp;image_thumb;processing_time;rule_rcvd;rule_sent;jhi_when;gantry_processed;gantry_sent;status;data_status;thread_rand_no;gantry
1;International;Regional Carolina Ergonomic;Granite eyeballs copy;33434;12443;75949;54025;88532;36577;Licensed Yemeni Junction;infrastructure;productize backing;71637
2;Albania Wooden;synthesize loyalty partnerships;revolutionary firewall online;18606;72037;75549;38324;95971;81256;networks deposit;Dynamic Practical;Centralized;99561
3;microchip;interactive Causeway;world-class;70683;90631;41005;11037;87747;49194;Phased;Utah Buckinghamshire Bedfordshire;Orchestrator microchip partnerships;98422
4;Principal;e-markets CSS Mouse;Grocery Industrial 24/7;4161;8210;46839;9534;9216;57528;Industrial Concrete;Palladium SCSI;Global;19175
5;Bedfordshire;Avon Granite;Cotton Direct Brazil;90292;68184;95467;60773;73135;96972;up mobile integrate;adapter;Auto Bedfordshire;20457
6;synthesize help-desk;Pants productivity strategize;Configurable;54335;14962;45101;6507;45425;94563;Ouguiya;Wooden RAM;Island knowledge Chief;36070
7;Division;models deposit FTP;task-force Account optical;87816;22836;28136;92453;24151;28129;panel;navigating;Connecticut turquoise;55681
8;Tuna Metrics fuchsia;Gateway withdrawal synthesize;parallelism and;21536;57690;45501;55331;15741;2990;Hong Timor-Leste Incredible;systematic vortals;fuchsia markets;99113
9;matrix District;Keyboard multi-tasking transmit;Ethiopian redefine Auto;18940;99289;19333;97744;78311;84299;up Direct ADP;Malawi Cambridgeshire;monitoring;1266
10;cross-platform Pre-emptive Macedonia;Angola Assistant Gloves;contingency SDD interfaces;47859;75680;81694;46107;50506;55416;withdrawal;white partnerships;Integrated infomediaries evolve;51592
